architecture,n_runs,best_test_rmse,mean_test_rmse,std_test_rmse,median_test_rmse
FNN,60,0.080354,0.086698,0.00393491,0.0865515
Physics-Reg.,48,0.0814,0.0860955,0.00261801,0.086118
EDR,72,0.058333,0.0639795,0.00285175,0.06404
