architecture,test_rmse_traj_macro,test_rmse_pooled,r2_overall,r2_mean,rmse_J1,rmse_J2,rmse_J3,rmse_J4,rmse_J5,params,train_seconds,epochs_ran,worst_traj_rmse
FNN,0.0997623,0.123823,0.854381,0.78197,0.0816723,0.187672,0.124557,0.0435678,0.131739,270341,4221.3,295,0.135541
Physics-Reg.,0.0907516,0.109473,0.886177,0.819891,0.0656049,0.162042,0.107797,0.0404778,0.126887,275461,4318.9,717,0.119985
EDR,0.0898045,0.108425,0.888346,0.831364,0.0678177,0.16988,0.103081,0.0414888,0.113899,20990,1908.5,72,0.129431
